original_filename,new_filename
K_Chart (0).csv,#REF!.csv
K_Chart (1).csv,#REF!.csv
K_Chart (2).csv,#REF!.csv
K_Chart (3).csv,#REF!.csv
K_Chart (4).csv,8272.csv
K_Chart (5).csv,2646.csv
K_Chart (6).csv,7703.csv
K_Chart (7).csv,7708.csv
K_Chart (8).csv,7705.csv
K_Chart (9).csv,6757.csv
K_Chart (10).csv,6720.csv
K_Chart (11).csv,7722.csv
K_Chart (12).csv,6996.csv
K_Chart (13).csv,8045.csv
K_Chart (14).csv,7704.csv
K_Chart (15).csv,nan.csv
K_Chart (16).csv,nan.csv
K_Chart (17).csv,nan.csv
K_Chart (18).csv,nan.csv
K_Chart (19).csv,nan.csv
K_Chart (20).csv,nan.csv
K_Chart (21).csv,nan.csv
K_Chart (22).csv,nan.csv
